week_start,gt_bio_tomaten,gt_bio_salat,gt_bio_gurken,gt_bio_paprika,temp_mean_weekly,precip_sum_weekly,sunshine_hours_weekly,consumer_confidence,food_price_index,inflation_rate,gt_norm_bio_tomaten,gt_norm_bio_salat,gt_norm_bio_gurken,gt_norm_bio_paprika,week_of_year,month,quarter,year
2021-01-04,,,,,0.5,15.299999999999999,5.897074999999999,99.38899,111.6,1.202461567704982,,,,,1,1,1,2021
2021-01-11,39.0,37.0,37.0,37.0,0.8428571428571429,6.7,3.143272222222222,99.38899,111.6,1.202461567704982,0.39,0.37,0.37,0.37,2,1,1,2021
2021-01-18,48.0,29.0,29.0,29.0,-0.5285714285714286,19.0,8.408716666666665,99.38899,111.6,1.202461567704982,0.48,0.29,0.29,0.29,3,1,1,2021
2021-01-25,49.0,32.0,32.0,32.0,3.557142857142857,18.6,13.89903611111111,99.38899,111.6,1.202461567704982,0.49,0.32,0.32,0.32,4,1,1,2021
2021-02-01,31.0,34.0,34.0,34.0,-1.5285714285714285,5.8,35.49664166666667,99.55241,112.4,1.4984772651037035,0.31,0.34,0.34,0.34,5,2,1,2021
2021-02-08,52.0,36.0,36.0,36.0,-1.7428571428571427,28.9,4.6050916666666675,99.55241,112.4,1.4984772651037035,0.52,0.36,0.36,0.36,6,2,1,2021
2021-02-15,58.0,35.0,35.0,35.0,-8.728571428571428,4.8,52.408794444444446,99.55241,112.4,1.4984772651037035,0.58,0.35,0.35,0.35,7,2,1,2021
2021-02-22,58.0,39.0,39.0,39.0,4.4,7.0,45.87042777777777,99.55241,112.4,1.4984772651037035,0.58,0.39,0.39,0.39,8,2,1,2021
2021-03-01,68.0,31.0,31.0,31.0,7.1571428571428575,4.1,42.15405555555555,99.86309,112.4,1.7946053088239822,0.68,0.31,0.31,0.31,9,3,1,2021
2021-03-08,40.0,28.0,28.0,28.0,2.4857142857142853,1.0999999999999999,50.49936666666667,99.86309,112.4,1.7946053088239822,0.4,0.28,0.28,0.28,10,3,1,2021
2021-03-15,43.0,24.0,24.0,24.0,3.9857142857142853,23.9,40.62708333333333,99.86309,112.4,1.7946053088239822,0.43,0.24,0.24,0.24,11,3,1,2021
2021-03-22,58.0,22.0,22.0,22.0,2.3857142857142857,8.7,59.322286111111104,99.86309,112.4,1.7946053088239822,0.58,0.22,0.22,0.22,12,3,1,2021
2021-03-29,57.0,36.0,36.0,36.0,7.642857142857143,4.0,50.380583333333334,99.86309,112.4,1.7946053088239822,0.57,0.36,0.36,0.36,13,3,1,2021
2021-04-05,54.0,37.0,37.0,37.0,7.914285714285714,5.5,65.6271888888889,100.1951,113.8,1.9920623598844056,0.54,0.37,0.37,0.37,14,4,2,2021
2021-04-12,69.0,33.0,33.0,33.0,5.4,12.700000000000001,55.882574999999996,100.1951,113.8,1.9920623598844056,0.69,0.33,0.33,0.33,15,4,2,2021
2021-04-19,75.0,28.0,28.0,28.0,6.200000000000001,11.399999999999999,59.796794444444444,100.1951,113.8,1.9920623598844056,0.75,0.28,0.28,0.28,16,4,2,2021
2021-04-26,70.0,36.0,36.0,36.0,7.014285714285714,1.7,78.77790277777778,100.1951,113.8,1.9920623598844056,0.7,0.36,0.36,0.36,17,4,2,2021
2021-05-03,80.0,40.0,40.0,40.0,8.457142857142857,14.4,50.92228333333333,100.7296,113.4,2.191211911939628,0.8,0.4,0.4,0.4,18,5,2,2021
2021-05-10,62.0,27.0,27.0,27.0,11.157142857142857,10.1,74.73491944444444,100.7296,113.4,2.191211911939628,0.62,0.27,0.27,0.27,19,5,2,2021
2021-05-17,51.0,19.0,19.0,19.0,13.37142857142857,28.099999999999998,55.68313055555556,100.7296,113.4,2.191211911939628,0.51,0.19,0.19,0.19,20,5,2,2021
2021-05-24,55.0,18.0,18.0,18.0,12.799999999999999,11.299999999999999,101.23052777777778,100.7296,113.4,2.191211911939628,0.55,0.18,0.18,0.18,21,5,2,2021
2021-05-31,55.0,20.0,20.0,20.0,12.414285714285715,12.6,95.90399444444445,100.7296,113.4,2.191211911939628,0.55,0.2,0.2,0.2,22,5,2,2021
2021-06-07,40.0,15.0,15.0,15.0,19.599999999999998,0.4,100.45514166666666,101.2003,113.1,2.388078013883188,0.4,0.15,0.15,0.15,23,6,2,2021
2021-06-14,44.0,22.0,22.0,22.0,19.785714285714285,3.8000000000000003,91.87536666666666,101.2003,113.1,2.388078013883188,0.44,0.22,0.22,0.22,24,6,2,2021
2021-06-21,54.0,19.0,19.0,19.0,25.157142857142855,5.2,103.28386666666667,101.2003,113.1,2.388078013883188,0.54,0.19,0.19,0.19,25,6,2,2021
2021-06-28,48.0,19.0,19.0,19.0,19.67142857142857,4.800000000000001,80.3595,101.2003,113.1,2.388078013883188,0.48,0.19,0.19,0.19,26,6,2,2021
2021-07-05,47.0,17.0,17.0,17.0,19.414285714285715,71.8,68.9975388888889,101.3386,113.5,3.71118072990646,0.47,0.17,0.17,0.17,27,7,3,2021
2021-07-12,35.0,22.0,22.0,22.0,19.785714285714285,34.6,63.79143333333334,101.3386,113.5,3.71118072990646,0.35,0.22,0.22,0.22,28,7,3,2021
2021-07-19,77.0,19.0,19.0,19.0,21.47142857142857,6.699999999999999,90.34119444444444,101.3386,113.5,3.71118072990646,0.77,0.19,0.19,0.19,29,7,3,2021
2021-07-26,52.0,20.0,20.0,20.0,20.571428571428573,6.0,83.2109,101.3386,113.5,3.71118072990646,0.52,0.2,0.2,0.2,30,7,3,2021
2021-08-02,53.0,20.0,20.0,20.0,20.114285714285717,3.3,86.9839638888889,101.3251,113.4,3.8114546279638617,0.53,0.2,0.2,0.2,31,8,3,2021
2021-08-09,61.0,20.0,20.0,20.0,18.414285714285715,15.0,79.50021111111111,101.3251,113.4,3.8114546279638617,0.61,0.2,0.2,0.2,32,8,3,2021
2021-08-16,44.0,26.0,26.0,26.0,19.87142857142857,9.5,85.00890833333334,101.3251,113.4,3.8114546279638617,0.44,0.26,0.26,0.26,33,8,3,2021
2021-08-23,0.0,19.0,19.0,19.0,17.185714285714287,20.099999999999998,51.62960833333333,101.3251,113.4,3.8114546279638617,0.0,0.19,0.19,0.19,34,8,3,2021
2021-08-30,30.0,21.0,21.0,21.0,14.857142857142858,44.0,54.71800833333333,101.3251,113.4,3.8114546279638617,0.3,0.21,0.21,0.21,35,8,3,2021
2021-09-06,0.0,22.0,22.0,22.0,16.071428571428573,1.0,77.18393888888889,101.3251,113.5,4.112371458661768,0.0,0.22,0.22,0.22,36,9,3,2021
2021-09-13,31.0,21.0,21.0,21.0,18.185714285714287,1.7,73.87964722222222,101.3251,113.5,4.112371458661768,0.31,0.21,0.21,0.21,37,9,3,2021
2021-09-20,47.0,20.0,20.0,20.0,15.114285714285714,6.6,46.30305833333333,101.3251,113.5,4.112371458661768,0.47,0.2,0.2,0.2,38,9,3,2021
2021-09-27,0.0,22.0,22.0,22.0,15.585714285714285,3.8,45.483797222222215,101.3251,113.5,4.112371458661768,0.0,0.22,0.22,0.22,39,9,3,2021
2021-10-04,0.0,16.0,16.0,16.0,14.142857142857142,12.7,43.61795277777778,101.1364,113.5,4.404356123543773,0.0,0.16,0.16,0.16,40,10,4,2021
2021-10-11,0.0,23.0,23.0,23.0,10.37142857142857,11.100000000000001,54.68223611111111,101.1364,113.5,4.404356123543773,0.0,0.23,0.23,0.23,41,10,4,2021
2021-10-18,31.0,20.0,20.0,20.0,9.314285714285715,11.2,33.40880833333333,101.1364,113.5,4.404356123543773,0.31,0.2,0.2,0.2,42,10,4,2021
2021-10-25,53.0,100.0,100.0,100.0,9.585714285714285,19.2,41.93915833333333,101.1364,113.5,4.404356123543773,0.53,1.0,1.0,1.0,43,10,4,2021
2021-11-01,52.0,48.0,48.0,48.0,10.342857142857143,4.3,44.64740833333334,100.8241,114.1,4.814479018114959,0.52,0.48,0.48,0.48,44,11,4,2021
2021-11-08,39.0,29.0,29.0,29.0,7.857142857142857,45.6,18.909497222222225,100.8241,114.1,4.814479018114959,0.39,0.29,0.29,0.29,45,11,4,2021
2021-11-15,28.0,23.0,23.0,23.0,5.428571428571429,1.4,26.40341388888889,100.8241,114.1,4.814479018114959,0.28,0.23,0.23,0.23,46,11,4,2021
2021-11-22,0.0,20.0,20.0,20.0,7.114285714285715,4.8,13.908180555555555,100.8241,114.1,4.814479018114959,0.0,0.2,0.2,0.2,47,11,4,2021
2021-11-29,0.0,18.0,18.0,18.0,2.942857142857143,4.3999999999999995,21.6166,100.8241,114.1,4.814479018114959,0.0,0.18,0.18,0.18,48,11,4,2021
2021-12-06,0.0,20.0,20.0,20.0,1.8714285714285714,19.7,13.887336111111113,100.5436,115.1,4.909829638605734,0.0,0.2,0.2,0.2,49,12,4,2021
2021-12-13,0.0,17.0,17.0,17.0,-0.11428571428571413,6.9,7.224402777777778,100.5436,115.1,4.909829638605734,0.0,0.17,0.17,0.17,50,12,4,2021
2021-12-20,43.0,29.0,29.0,29.0,5.357142857142857,1.9,11.814819444444446,100.5436,115.1,4.909829638605734,0.43,0.29,0.29,0.29,51,12,4,2021
2021-12-27,59.0,25.0,25.0,25.0,-2.685714285714286,17.2,20.98652222222222,100.5436,115.1,4.909829638605734,0.59,0.25,0.25,0.25,52,12,4,2021
2022-01-03,49.0,31.0,31.0,31.0,7.114285714285714,12.5,4.545566666666667,100.3155,116.8,4.158421978405902,0.49,0.31,0.31,0.31,1,1,1,2022
2022-01-10,48.0,26.0,26.0,26.0,1.9142857142857144,5.4,18.345283333333334,100.3155,116.8,4.158421978405902,0.48,0.26,0.26,0.26,2,1,1,2022
2022-01-17,92.0,37.0,37.0,37.0,1.6142857142857143,2.5,14.605972222222222,100.3155,116.8,4.158421978405902,0.92,0.37,0.37,0.37,3,1,1,2022
2022-01-24,70.0,28.0,28.0,28.0,2.585714285714286,5.1,27.180325,100.3155,116.8,4.158421978405902,0.7,0.28,0.28,0.28,4,1,1,2022
2022-01-31,62.0,34.0,34.0,34.0,3.7857142857142856,9.7,18.509033333333335,100.3155,116.8,4.158421978405902,0.62,0.34,0.34,0.34,5,1,1,2022
2022-02-07,68.0,22.0,22.0,22.0,4.071428571428571,22.5,22.189191666666666,99.82526,118.0,4.330757912975924,0.68,0.22,0.22,0.22,6,2,1,2022
2022-02-14,41.0,29.0,29.0,29.0,4.942857142857143,5.0,38.08712222222223,99.82526,118.0,4.330757912975924,0.41,0.29,0.29,0.29,7,2,1,2022
2022-02-21,49.0,24.0,24.0,24.0,6.128571428571428,31.299999999999997,28.130086111111112,99.82526,118.0,4.330757912975924,0.49,0.24,0.24,0.24,8,2,1,2022
2022-02-28,61.0,27.0,27.0,27.0,3.5142857142857147,7.6,53.3467,99.82526,118.0,4.330757912975924,0.61,0.27,0.27,0.27,9,2,1,2022
2022-03-07,69.0,33.0,33.0,33.0,0.45714285714285713,0.1,45.968627777777776,98.99736,119.0,5.876587664340449,0.69,0.33,0.33,0.33,10,3,1,2022
2022-03-14,49.0,37.0,37.0,37.0,3.1,0.9,75.42701666666667,98.99736,119.0,5.876587664340449,0.49,0.37,0.37,0.37,11,3,1,2022
2022-03-21,62.0,28.0,28.0,28.0,6.628571428571428,1.0,69.00535,98.99736,119.0,5.876587664340449,0.62,0.28,0.28,0.28,12,3,1,2022
2022-03-28,56.0,33.0,33.0,33.0,7.314285714285715,0.1,72.73242499999999,98.99736,119.0,5.876587664340449,0.56,0.33,0.33,0.33,13,3,1,2022
2022-04-04,42.0,20.0,20.0,20.0,3.6285714285714286,5.7,37.751713888888894,98.31261,122.8,6.249982632247342,0.42,0.2,0.2,0.2,14,4,2,2022
2022-04-11,53.0,26.0,26.0,26.0,6.857142857142857,24.0,49.54452222222222,98.31261,122.8,6.249982632247342,0.53,0.26,0.26,0.26,15,4,2,2022
2022-04-18,59.0,26.0,26.0,26.0,8.785714285714286,6.4,72.20747222222222,98.31261,122.8,6.249982632247342,0.59,0.26,0.26,0.26,16,4,2,2022
2022-04-25,74.0,23.0,23.0,23.0,9.557142857142859,1.9,59.27161944444444,98.31261,122.8,6.249982632247342,0.74,0.23,0.23,0.23,17,4,2,2022
2022-05-02,63.0,29.0,29.0,29.0,11.814285714285715,0.1,84.150325,97.8876,125.2,7.017597381886764,0.63,0.29,0.29,0.29,18,5,2,2022
2022-05-09,72.0,23.0,23.0,23.0,14.1,15.9,89.18189722222223,97.8876,125.2,7.017597381886764,0.72,0.23,0.23,0.23,19,5,2,2022
2022-05-16,67.0,27.0,27.0,27.0,17.014285714285712,5.6,85.88624166666666,97.8876,125.2,7.017597381886764,0.67,0.27,0.27,0.27,20,5,2,2022
2022-05-23,30.0,25.0,25.0,25.0,17.757142857142856,21.6,87.84336944444445,97.8876,125.2,7.017597381886764,0.3,0.25,0.25,0.25,21,5,2,2022
2022-05-30,35.0,24.0,24.0,24.0,14.357142857142858,7.0,83.99209444444443,97.8876,125.2,7.017597381886764,0.35,0.24,0.24,0.24,22,5,2,2022
2022-06-06,65.0,24.0,24.0,24.0,16.814285714285713,3.1,99.787,97.4678,126.5,6.705578057220407,0.65,0.24,0.24,0.24,23,6,2,2022
2022-06-13,37.0,18.0,18.0,18.0,19.271428571428572,3.3,96.40084444444445,97.4678,126.5,6.705578057220407,0.37,0.18,0.18,0.18,24,6,2,2022
2022-06-20,40.0,13.0,13.0,13.0,19.599999999999998,5.6,89.34981388888889,97.4678,126.5,6.705578057220407,0.4,0.13,0.13,0.13,25,6,2,2022
2022-06-27,62.0,22.0,22.0,22.0,22.67142857142857,13.399999999999999,101.77209722222221,97.4678,126.5,6.705578057220407,0.62,0.22,0.22,0.22,26,6,2,2022
2022-07-04,43.0,20.0,20.0,20.0,21.228571428571428,14.5,95.31214722222222,96.96781,129.1,6.673057341784916,0.43,0.2,0.2,0.2,27,7,3,2022
2022-07-11,61.0,16.0,16.0,16.0,17.271428571428572,20.7,77.87705555555556,96.96781,129.1,6.673057341784916,0.61,0.16,0.16,0.16,28,7,3,2022
2022-07-18,80.0,16.0,16.0,16.0,19.285714285714285,3.4000000000000004,90.55393333333335,96.96781,129.1,6.673057341784916,0.8,0.16,0.16,0.16,29,7,3,2022
2022-07-25,74.0,19.0,19.0,19.0,24.042857142857144,12.9,95.00551388888888,96.96781,129.1,6.673057341784916,0.74,0.19,0.19,0.19,30,7,3,2022
2022-08-01,52.0,30.0,30.0,30.0,20.071428571428573,3.9000000000000004,85.32339444444443,96.58382,131.0,6.956480300297652,0.52,0.3,0.3,0.3,31,8,3,2022
2022-08-08,32.0,15.0,15.0,15.0,22.52857142857143,5.1,91.08100555555555,96.58382,131.0,6.956480300297652,0.32,0.15,0.15,0.15,32,8,3,2022
2022-08-15,51.0,20.0,20.0,20.0,23.285714285714285,6.800000000000001,89.37106666666666,96.58382,131.0,6.956480300297652,0.51,0.2,0.2,0.2,33,8,3,2022
2022-08-22,61.0,22.0,22.0,22.0,22.357142857142858,18.299999999999997,54.31231944444445,96.58382,131.0,6.956480300297652,0.61,0.22,0.22,0.22,34,8,3,2022
2022-08-29,28.0,14.0,14.0,14.0,20.3,31.500000000000004,65.71346111111112,96.58382,131.0,6.956480300297652,0.28,0.14,0.14,0.14,35,8,3,2022
2022-09-05,0.0,20.0,20.0,20.0,17.02857142857143,0.8999999999999999,83.28671944444444,96.25601,133.2,8.57415426733934,0.0,0.2,0.2,0.2,36,9,3,2022
2022-09-12,43.0,21.0,21.0,21.0,16.785714285714285,16.099999999999998,60.2721,96.25601,133.2,8.57415426733934,0.43,0.21,0.21,0.21,37,9,3,2022
2022-09-19,0.0,17.0,17.0,17.0,13.042857142857143,21.1,59.44423611111111,96.25601,133.2,8.57415426733934,0.0,0.17,0.17,0.17,38,9,3,2022
2022-09-26,0.0,18.0,18.0,18.0,11.457142857142857,5.7,71.26452222222223,96.25601,133.2,8.57415426733934,0.0,0.18,0.18,0.18,39,9,3,2022
2022-10-03,36.0,16.0,16.0,16.0,10.4,10.8,49.773597222222214,96.30234,134.9,8.820699552026245,0.36,0.16,0.16,0.16,40,10,4,2022
2022-10-10,0.0,20.0,20.0,20.0,11.971428571428572,0.9,62.02599722222222,96.30234,134.9,8.820699552026245,0.0,0.2,0.2,0.2,41,10,4,2022
2022-10-17,32.0,18.0,18.0,18.0,12.514285714285714,4.6000000000000005,64.65691666666666,96.30234,134.9,8.820699552026245,0.32,0.18,0.18,0.18,42,10,4,2022
2022-10-24,50.0,18.0,18.0,18.0,12.485714285714286,22.400000000000002,39.55361666666666,96.30234,134.9,8.820699552026245,0.5,0.18,0.18,0.18,43,10,4,2022
2022-10-31,34.0,20.0,20.0,20.0,14.0,0.3,60.131972222222224,96.30234,134.9,8.820699552026245,0.34,0.2,0.2,0.2,44,10,4,2022
2022-11-07,33.0,14.0,14.0,14.0,9.328571428571427,11.5,39.27781944444444,96.70882,136.6,8.803814375067498,0.33,0.14,0.14,0.14,45,11,4,2022
2022-11-14,29.0,15.0,15.0,15.0,9.4,0.4,42.428958333333334,96.70882,136.6,8.803814375067498,0.29,0.15,0.15,0.15,46,11,4,2022
2022-11-21,25.0,15.0,15.0,15.0,1.542857142857143,5.3,26.867694444444442,96.70882,136.6,8.803814375067498,0.25,0.15,0.15,0.15,47,11,4,2022
2022-11-28,32.0,19.0,19.0,19.0,2.9857142857142853,5.2,25.68132222222222,96.70882,136.6,8.803814375067498,0.32,0.19,0.19,0.19,48,11,4,2022
2022-12-05,0.0,22.0,22.0,22.0,1.1714285714285713,7.199999999999999,3.0445611111111113,97.27535,137.6,8.118423496265281,0.0,0.22,0.22,0.22,49,12,4,2022
2022-12-12,0.0,10.0,10.0,10.0,-0.38571428571428573,5.8,13.48016388888889,97.27535,137.6,8.118423496265281,0.0,0.1,0.1,0.1,50,12,4,2022
2022-12-19,27.0,16.0,16.0,16.0,-4.4714285714285715,8.6,30.14345833333333,97.27535,137.6,8.118423496265281,0.27,0.16,0.16,0.16,51,12,4,2022
2022-12-26,46.0,21.0,21.0,21.0,5.757142857142857,25.9,8.565269444444445,97.27535,137.6,8.118423496265281,0.46,0.21,0.21,0.21,52,12,4,2022
2023-01-02,58.0,28.0,28.0,28.0,9.171428571428573,11.2,22.817183333333332,97.84327,139.7,8.650202370014792,0.58,0.28,0.28,0.28,1,1,1,2023
2023-01-09,37.0,23.0,23.0,23.0,6.442857142857143,18.1,23.627219444444442,97.84327,139.7,8.650202370014792,0.37,0.23,0.23,0.23,2,1,1,2023
2023-01-16,55.0,25.0,25.0,25.0,6.557142857142858,27.1,19.98720833333333,97.84327,139.7,8.650202370014792,0.55,0.25,0.25,0.25,3,1,1,2023
2023-01-23,27.0,27.0,27.0,27.0,0.10000000000000002,8.5,20.15913611111111,97.84327,139.7,8.650202370014792,0.27,0.27,0.27,0.27,4,1,1,2023
2023-01-30,43.0,23.0,23.0,23.0,0.5857142857142857,6.4,7.666766666666667,97.84327,139.7,8.650202370014792,0.43,0.23,0.23,0.23,5,1,1,2023
2023-02-06,51.0,20.0,20.0,20.0,1.4857142857142858,19.7,25.641738888888888,98.30519,143.0,8.679234139955504,0.51,0.2,0.2,0.2,6,2,1,2023
2023-02-13,26.0,26.0,26.0,26.0,1.6285714285714286,0.30000000000000004,27.84235833333333,98.30519,143.0,8.679234139955504,0.26,0.26,0.26,0.26,7,2,1,2023
2023-02-20,86.0,24.0,24.0,24.0,4.8999999999999995,19.4,32.35736111111111,98.30519,143.0,8.679234139955504,0.86,0.24,0.24,0.24,8,2,1,2023
2023-02-27,62.0,25.0,25.0,25.0,3.8428571428571425,12.2,26.80283611111111,98.30519,143.0,8.679234139955504,0.62,0.25,0.25,0.25,9,2,1,2023
2023-03-06,77.0,25.0,25.0,25.0,0.8285714285714285,4.300000000000001,44.147861111111105,98.59431,144.9,7.400579635880566,0.77,0.25,0.25,0.25,10,3,1,2023
2023-03-13,68.0,29.0,29.0,29.0,2.8000000000000003,36.1,26.803538888888887,98.59431,144.9,7.400579635880566,0.68,0.29,0.29,0.29,11,3,1,2023
2023-03-20,65.0,34.0,34.0,34.0,7.242857142857143,14.0,60.10695555555556,98.59431,144.9,7.400579635880566,0.65,0.34,0.34,0.34,12,3,1,2023
2023-03-27,33.0,21.0,21.0,21.0,9.114285714285714,18.5,48.340072222222226,98.59431,144.9,7.400579635880566,0.33,0.21,0.21,0.21,13,3,1,2023
2023-04-03,41.0,24.0,24.0,24.0,5.971428571428571,20.200000000000003,44.84238611111111,98.87574,144.2,7.169104345802002,0.41,0.24,0.24,0.24,14,4,2,2023
2023-04-10,100.0,22.0,22.0,22.0,4.757142857142857,3.4000000000000004,59.50438055555555,98.87574,144.2,7.169104345802002,1.0,0.22,0.22,0.22,15,4,2,2023
2023-04-17,64.0,24.0,24.0,24.0,8.471428571428572,27.2,31.99315,98.87574,144.2,7.169104345802002,0.64,0.24,0.24,0.24,16,4,2,2023
2023-04-24,58.0,25.0,25.0,25.0,10.828571428571427,9.5,74.94205555555556,98.87574,144.2,7.169104345802002,0.58,0.25,0.25,0.25,17,4,2,2023
2023-05-01,46.0,18.0,18.0,18.0,8.6,1.4,67.90266111111112,99.00756,144.0,6.102000338630487,0.46,0.18,0.18,0.18,18,5,2,2023
2023-05-08,80.0,23.0,23.0,23.0,10.842857142857143,12.6,73.77370555555557,99.00756,144.0,6.102000338630487,0.8,0.23,0.23,0.23,19,5,2,2023
2023-05-15,67.0,17.0,17.0,17.0,15.271428571428572,0.0,96.39300555555556,99.00756,144.0,6.102000338630487,0.67,0.17,0.17,0.17,20,5,2,2023
2023-05-22,81.0,27.0,27.0,27.0,14.542857142857143,0.2,85.22685833333334,99.00756,144.0,6.102000338630487,0.81,0.27,0.27,0.27,21,5,2,2023
2023-05-29,51.0,21.0,21.0,21.0,14.557142857142859,3.3,84.82430833333333,99.00756,144.0,6.102000338630487,0.51,0.21,0.21,0.21,22,5,2,2023
2023-06-05,66.0,20.0,20.0,20.0,16.2,0.3,107.385175,98.98956,144.0,6.375237127722433,0.66,0.2,0.2,0.2,23,6,2,2023
2023-06-12,65.0,19.0,19.0,19.0,21.657142857142855,0.5,98.95927222222222,98.98956,144.0,6.375237127722433,0.65,0.19,0.19,0.19,24,6,2,2023
2023-06-19,63.0,24.0,24.0,24.0,18.2,31.4,87.30320555555555,98.98956,144.0,6.375237127722433,0.63,0.24,0.24,0.24,25,6,2,2023
2023-06-26,52.0,21.0,21.0,21.0,21.12857142857143,40.1,83.99922500000001,98.98956,144.0,6.375237127722433,0.52,0.21,0.21,0.21,26,6,2,2023
2023-07-03,70.0,20.0,20.0,20.0,18.557142857142857,13.2,84.39634722222222,98.88905,143.7,6.164979039019669,0.7,0.2,0.2,0.2,27,7,3,2023
2023-07-10,61.0,22.0,22.0,22.0,21.099999999999998,5.9,105.58471388888888,98.88905,143.7,6.164979039019669,0.61,0.22,0.22,0.22,28,7,3,2023
2023-07-17,82.0,16.0,16.0,16.0,23.142857142857142,1.4000000000000001,102.22838333333333,98.88905,143.7,6.164979039019669,0.82,0.16,0.16,0.16,29,7,3,2023
2023-07-24,59.0,25.0,25.0,25.0,19.02857142857143,15.2,85.04720555555555,98.88905,143.7,6.164979039019669,0.59,0.25,0.25,0.25,30,7,3,2023
2023-07-31,35.0,18.0,18.0,18.0,17.885714285714286,64.4,60.8983,98.88905,143.7,6.164979039019669,0.35,0.18,0.18,0.18,31,7,3,2023
2023-08-07,51.0,16.0,16.0,16.0,17.771428571428572,36.2,61.26933888888889,98.7243,143.2,6.142789086036071,0.51,0.16,0.16,0.16,32,8,3,2023
2023-08-14,35.0,23.0,23.0,23.0,18.62857142857143,11.200000000000001,81.5556611111111,98.7243,143.2,6.142789086036071,0.35,0.23,0.23,0.23,33,8,3,2023
2023-08-21,42.0,21.0,21.0,21.0,23.285714285714285,25.0,93.25605277777777,98.7243,143.2,6.142789086036071,0.42,0.21,0.21,0.21,34,8,3,2023
2023-08-28,42.0,22.0,22.0,22.0,20.457142857142856,7.5,54.60270833333333,98.7243,143.2,6.142789086036071,0.42,0.22,0.22,0.22,35,8,3,2023
2023-09-04,42.0,15.0,15.0,15.0,16.228571428571428,7.800000000000001,61.04734166666667,98.6036,143.9,4.525247900567075,0.42,0.15,0.15,0.15,36,9,3,2023
2023-09-11,27.0,19.0,19.0,19.0,21.74285714285714,0.0,85.90313333333334,98.6036,143.9,4.525247900567075,0.27,0.19,0.19,0.19,37,9,3,2023
2023-09-18,67.0,17.0,17.0,17.0,19.442857142857143,7.9,78.55470833333334,98.6036,143.9,4.525247900567075,0.67,0.17,0.17,0.17,38,9,3,2023
2023-09-25,63.0,21.0,21.0,21.0,17.242857142857144,3.9,71.03134444444444,98.6036,143.9,4.525247900567075,0.63,0.21,0.21,0.21,39,9,3,2023
2023-10-02,32.0,19.0,19.0,19.0,17.87142857142857,1.7,67.76672777777777,98.56326,144.0,3.788529615280467,0.32,0.19,0.19,0.19,40,10,4,2023
2023-10-09,53.0,20.0,20.0,20.0,14.12857142857143,28.4,30.931047222222222,98.56326,144.0,3.788529615280467,0.53,0.2,0.2,0.2,41,10,4,2023
2023-10-16,40.0,19.0,19.0,19.0,13.485714285714284,13.4,48.85057777777778,98.56326,144.0,3.788529615280467,0.4,0.19,0.19,0.19,42,10,4,2023
2023-10-23,33.0,20.0,20.0,20.0,8.5,13.7,41.41000555555555,98.56326,144.0,3.788529615280467,0.33,0.2,0.2,0.2,43,10,4,2023
2023-10-30,48.0,27.0,27.0,27.0,10.857142857142858,32.9,12.723666666666666,98.56326,144.0,3.788529615280467,0.48,0.27,0.27,0.27,44,10,4,2023
2023-11-06,32.0,17.0,17.0,17.0,10.114285714285714,20.8,36.550041666666665,98.55389,144.9,3.1662079833422396,0.32,0.17,0.17,0.17,45,11,4,2023
2023-11-13,33.0,16.0,16.0,16.0,7.2,8.2,40.01416388888889,98.55389,144.9,3.1662079833422396,0.33,0.16,0.16,0.16,46,11,4,2023
2023-11-20,31.0,19.0,19.0,19.0,6.971428571428571,30.0,26.445486111111112,98.55389,144.9,3.1662079833422396,0.31,0.19,0.19,0.19,47,11,4,2023
2023-11-27,0.0,20.0,20.0,20.0,1.8285714285714285,14.0,24.624827777777778,98.55389,144.9,3.1662079833422396,0.0,0.2,0.2,0.2,48,11,4,2023
2023-12-04,0.0,20.0,20.0,20.0,-3.1714285714285713,4.8,24.95067222222222,98.55756,145.0,3.710254899874243,0.0,0.2,0.2,0.2,49,12,4,2023
2023-12-11,0.0,16.0,16.0,16.0,1.8000000000000003,30.7,10.02765,98.55756,145.0,3.710254899874243,0.0,0.16,0.16,0.16,50,12,4,2023
2023-12-18,0.0,17.0,17.0,17.0,5.1000000000000005,13.200000000000001,7.973238888888889,98.55756,145.0,3.710254899874243,0.0,0.17,0.17,0.17,51,12,4,2023
2023-12-25,33.0,28.0,28.0,28.0,5.671428571428572,54.5,12.158191666666669,98.55756,145.0,3.710254899874243,0.33,0.28,0.28,0.28,52,12,4,2023
2024-01-01,33.0,24.0,24.0,24.0,6.471428571428572,29.6,35.39169722222222,98.40506,146.3,2.887107307847736,0.33,0.24,0.24,0.24,1,1,1,2024
2024-01-08,53.0,29.0,29.0,29.0,0.9714285714285713,29.3,10.168172222222221,98.40506,146.3,2.887107307847736,0.53,0.29,0.29,0.29,2,1,1,2024
2024-01-15,48.0,23.0,23.0,23.0,-2.0,7.6000000000000005,19.336644444444445,98.40506,146.3,2.887107307847736,0.48,0.23,0.23,0.23,3,1,1,2024
2024-01-22,55.0,25.0,25.0,25.0,-0.3714285714285715,8.600000000000001,23.85325277777778,98.40506,146.3,2.887107307847736,0.55,0.25,0.25,0.25,4,1,1,2024
2024-01-29,46.0,27.0,27.0,27.0,4.685714285714285,9.7,39.418905555555554,98.40506,146.3,2.887107307847736,0.46,0.27,0.27,0.27,5,1,1,2024
2024-02-05,59.0,23.0,23.0,23.0,6.5,19.1,17.916533333333334,98.40506,146.0,2.517342028018965,0.59,0.23,0.23,0.23,6,2,1,2024
2024-02-12,67.0,32.0,32.0,32.0,5.828571428571428,43.9,17.116494444444445,98.40506,146.0,2.517342028018965,0.67,0.32,0.32,0.32,7,2,1,2024
2024-02-19,52.0,29.0,29.0,29.0,7.828571428571428,15.899999999999999,25.596505555555556,98.40506,146.0,2.517342028018965,0.52,0.29,0.29,0.29,8,2,1,2024
2024-02-26,68.0,28.0,28.0,28.0,6.742857142857143,8.399999999999999,37.140725,98.40506,146.0,2.517342028018965,0.68,0.28,0.28,0.28,9,2,1,2024
2024-03-04,69.0,29.0,29.0,29.0,6.5,0.7999999999999999,47.211891666666666,98.40506,145.7,2.1533074514878736,0.69,0.29,0.29,0.29,10,3,1,2024
2024-03-11,48.0,25.0,25.0,25.0,5.2,1.5,59.01051666666666,98.40506,145.7,2.1533074514878736,0.48,0.25,0.25,0.25,11,3,1,2024
2024-03-18,79.0,22.0,22.0,22.0,7.628571428571428,1.7,62.543616666666665,98.40506,145.7,2.1533074514878736,0.79,0.22,0.22,0.22,12,3,1,2024
2024-03-25,64.0,19.0,19.0,19.0,6.714285714285714,27.8,36.66878888888889,98.40506,145.7,2.1533074514878736,0.64,0.19,0.19,0.19,13,3,1,2024
2024-04-01,61.0,26.0,26.0,26.0,10.9,2.1,60.96038611111111,98.40506,146.5,2.2298146498602733,0.61,0.26,0.26,0.26,14,4,2,2024
2024-04-08,75.0,28.0,28.0,28.0,13.857142857142858,17.4,61.393480555555556,98.40506,146.5,2.2298146498602733,0.75,0.28,0.28,0.28,15,4,2,2024
2024-04-15,39.0,23.0,23.0,23.0,13.742857142857144,6.3,60.65094166666667,98.40506,146.5,2.2298146498602733,0.39,0.23,0.23,0.23,16,4,2,2024
2024-04-22,74.0,27.0,27.0,27.0,5.057142857142857,16.1,66.04681666666667,98.40506,146.5,2.2298146498602733,0.74,0.27,0.27,0.27,17,4,2,2024
2024-04-29,88.0,22.0,22.0,22.0,9.442857142857141,3.3,73.68685277777777,98.40506,146.5,2.2298146498602733,0.88,0.22,0.22,0.22,18,4,2,2024
2024-05-06,72.0,25.0,25.0,25.0,17.057142857142857,10.299999999999999,89.12044166666666,98.40506,146.3,2.403437110469353,0.72,0.25,0.25,0.25,19,5,2,2024
2024-05-13,84.0,26.0,26.0,26.0,14.1,0.6,82.63260277777778,98.40506,146.3,2.403437110469353,0.84,0.26,0.26,0.26,20,5,2,2024
2024-05-20,95.0,36.0,36.0,36.0,17.95714285714286,23.200000000000003,96.4938638888889,98.40506,146.3,2.403437110469353,0.95,0.36,0.36,0.36,21,5,2,2024
2024-05-27,47.0,22.0,22.0,22.0,18.785714285714285,38.8,82.26790277777778,98.40506,146.3,2.403437110469353,0.47,0.22,0.22,0.22,22,5,2,2024
2024-06-03,37.0,17.0,17.0,17.0,17.17142857142857,30.4,80.97237222222222,98.40506,146.7,2.225995692721483,0.37,0.17,0.17,0.17,23,6,2,2024
2024-06-10,48.0,22.0,22.0,22.0,15.885714285714284,5.199999999999999,90.95993055555556,98.40506,146.7,2.225995692721483,0.48,0.22,0.22,0.22,24,6,2,2024
2024-06-17,27.0,20.0,20.0,20.0,15.485714285714286,8.9,82.92452777777777,98.40506,146.7,2.225995692721483,0.27,0.2,0.2,0.2,25,6,2,2024
2024-06-24,32.0,20.0,20.0,20.0,18.514285714285712,16.9,80.54143055555556,98.40506,146.7,2.225995692721483,0.32,0.2,0.2,0.2,26,6,2,2024
2024-07-01,60.0,21.0,21.0,21.0,21.928571428571427,32.1,95.40780000000001,98.40506,146.8,2.305749550854319,0.6,0.21,0.21,0.21,27,7,3,2024
2024-07-08,62.0,22.0,22.0,22.0,17.5,3.8000000000000003,77.51499166666666,98.40506,146.8,2.305749550854319,0.62,0.22,0.22,0.22,28,7,3,2024
2024-07-15,41.0,22.0,22.0,22.0,22.02857142857143,16.0,89.6620138888889,98.40506,146.8,2.305749550854319,0.41,0.22,0.22,0.22,29,7,3,2024
2024-07-22,46.0,19.0,19.0,19.0,22.642857142857142,3.6,90.28055833333333,98.40506,146.8,2.305749550854319,0.46,0.19,0.19,0.19,30,7,3,2024
2024-07-29,41.0,20.0,20.0,20.0,19.442857142857143,27.400000000000002,79.04078611111112,98.40506,146.8,2.305749550854319,0.41,0.2,0.2,0.2,31,7,3,2024
2024-08-05,66.0,23.0,23.0,23.0,20.057142857142853,7.6,73.89113333333331,98.40506,146.7,1.8723199524695255,0.66,0.23,0.23,0.23,32,8,3,2024
2024-08-12,51.0,31.0,31.0,31.0,20.614285714285717,3.6,86.08423055555555,98.40506,146.7,1.8723199524695255,0.51,0.31,0.31,0.31,33,8,3,2024
2024-08-19,65.0,14.0,14.0,14.0,22.67142857142857,3.8000000000000003,86.177325,98.40506,146.7,1.8723199524695255,0.65,0.14,0.14,0.14,34,8,3,2024
2024-08-26,56.0,21.0,21.0,21.0,21.428571428571427,0.8999999999999999,79.93448333333333,98.40506,146.7,1.8723199524695255,0.56,0.21,0.21,0.21,35,8,3,2024
2024-09-02,0.0,19.0,19.0,19.0,21.728571428571428,3.2,86.32717777777779,98.40506,147.4,1.6129525760379293,0.0,0.19,0.19,0.19,36,9,3,2024
2024-09-09,38.0,22.0,22.0,22.0,24.314285714285713,7.6,76.51018055555555,98.40506,147.4,1.6129525760379293,0.38,0.22,0.22,0.22,37,9,3,2024
2024-09-16,47.0,22.0,22.0,22.0,13.928571428571429,15.3,37.87684444444445,98.40506,147.4,1.6129525760379293,0.47,0.22,0.22,0.22,38,9,3,2024
2024-09-23,41.0,22.0,22.0,22.0,17.571428571428573,0.1,81.00118055555555,98.40506,147.4,1.6129525760379293,0.41,0.22,0.22,0.22,39,9,3,2024
2024-09-30,58.0,27.0,27.0,27.0,13.471428571428572,20.6,53.90591944444444,98.40506,147.4,1.6129525760379293,0.58,0.27,0.27,0.27,40,9,3,2024
2024-10-07,57.0,27.0,27.0,27.0,10.5,23.3,36.55447222222222,98.40506,148.5,2.037367164111825,0.57,0.27,0.27,0.27,41,10,4,2024
2024-10-14,33.0,26.0,26.0,26.0,11.9,21.2,49.318958333333335,98.40506,148.5,2.037367164111825,0.33,0.26,0.26,0.26,42,10,4,2024
2024-10-21,35.0,19.0,19.0,19.0,11.942857142857141,3.1,56.12725833333334,98.40506,148.5,2.037367164111825,0.35,0.19,0.19,0.19,43,10,4,2024
2024-10-28,33.0,21.0,21.0,21.0,11.014285714285714,0.7,49.07774166666667,98.40506,148.5,2.037367164111825,0.33,0.21,0.21,0.21,44,10,4,2024
2024-11-04,52.0,27.0,27.0,27.0,9.885714285714286,0.7,23.72587777777778,98.40506,148.7,2.2165079750136485,0.52,0.27,0.27,0.27,45,11,4,2024
2024-11-11,43.0,24.0,24.0,24.0,4.385714285714285,0.4,18.968447222222224,98.40506,148.7,2.2165079750136485,0.43,0.24,0.24,0.24,46,11,4,2024
2024-11-18,29.0,18.0,18.0,18.0,5.528571428571429,5.5,21.05036666666667,98.40506,148.7,2.2165079750136485,0.29,0.18,0.18,0.18,47,11,4,2024
2024-11-25,32.0,18.0,18.0,18.0,4.3428571428571425,39.1,16.727899999999998,98.40506,148.7,2.2165079750136485,0.32,0.18,0.18,0.18,48,11,4,2024
2024-12-02,32.0,18.0,18.0,18.0,4.371428571428572,14.799999999999999,31.60961666666667,98.40506,149.0,2.640561867743263,0.32,0.18,0.18,0.18,49,12,4,2024
2024-12-09,34.0,24.0,24.0,24.0,4.057142857142857,17.8,7.936563888888889,98.40506,149.0,2.640561867743263,0.34,0.24,0.24,0.24,50,12,4,2024
2024-12-16,0.0,11.0,11.0,11.0,3.1285714285714286,5.7,5.807386111111112,98.40506,149.0,2.640561867743263,0.0,0.11,0.11,0.11,51,12,4,2024
2024-12-23,46.0,28.0,28.0,28.0,6.457142857142856,13.0,17.845794444444444,98.40506,149.0,2.640561867743263,0.46,0.28,0.28,0.28,52,12,4,2024
2024-12-30,0.0,35.0,35.0,35.0,2.1285714285714286,0.7,4.413883333333334,98.40506,149.0,2.640561867743263,0.0,0.35,0.35,0.35,1,12,4,2024
2025-01-06,43.0,30.0,30.0,30.0,2.3714285714285714,29.1,19.603083333333334,98.40506,148.5,2.295945115410225,0.43,0.3,0.3,0.3,2,1,1,2025
2025-01-13,81.0,22.0,22.0,22.0,0.47142857142857136,25.9,27.574930555555557,98.40506,148.5,2.295945115410225,0.81,0.22,0.22,0.22,3,1,1,2025
2025-01-20,83.0,29.0,29.0,29.0,0.35714285714285715,2.6,19.920547222222222,98.40506,148.5,2.295945115410225,0.83,0.29,0.29,0.29,4,1,1,2025
2025-01-27,35.0,27.0,27.0,27.0,3.9285714285714284,16.8,21.212316666666666,98.40506,148.5,2.295945115410225,0.35,0.27,0.27,0.27,5,1,1,2025
2025-02-03,57.0,30.0,30.0,30.0,3.642857142857143,8.1,23.25186111111111,98.40506,150.3,2.286225543305842,0.57,0.3,0.3,0.3,6,2,1,2025
2025-02-10,64.0,21.0,21.0,21.0,0.9857142857142858,0.0,33.72766388888889,98.40506,150.3,2.286225543305842,0.64,0.21,0.21,0.21,7,2,1,2025
2025-02-17,68.0,27.0,27.0,27.0,-2.6,9.9,38.23043055555555,98.40506,150.3,2.286225543305842,0.68,0.27,0.27,0.27,8,2,1,2025
2025-02-24,56.0,21.0,21.0,21.0,0.21428571428571427,0.0,55.82870555555555,98.40506,150.3,2.286225543305842,0.56,0.21,0.21,0.21,9,2,1,2025
2025-03-03,50.0,31.0,31.0,31.0,5.057142857142857,12.6,28.735866666666666,98.40506,150.9,2.192211813839151,0.5,0.31,0.31,0.31,10,3,1,2025
2025-03-10,76.0,24.0,24.0,24.0,7.385714285714286,0.0,75.98244444444444,98.40506,150.9,2.192211813839151,0.76,0.24,0.24,0.24,11,3,1,2025
2025-03-17,64.0,27.0,27.0,27.0,3.9714285714285715,4.0,51.44784444444444,98.40506,150.9,2.192211813839151,0.64,0.27,0.27,0.27,12,3,1,2025
2025-03-24,59.0,36.0,36.0,36.0,6.971428571428571,0.0,75.13330833333335,98.40506,150.9,2.192211813839151,0.59,0.36,0.36,0.36,13,3,1,2025
2025-03-31,51.0,27.0,27.0,27.0,7.414285714285714,9.299999999999999,54.01804444444444,98.40506,150.9,2.192211813839151,0.51,0.27,0.27,0.27,14,3,1,2025
2025-04-07,57.0,25.0,25.0,25.0,8.071428571428571,0.0,79.47396666666667,98.40506,151.3,2.192211813839151,0.57,0.25,0.25,0.25,15,4,2,2025
2025-04-14,80.0,32.0,32.0,32.0,11.414285714285715,1.2,70.21999722222222,98.40506,151.3,2.192211813839151,0.8,0.32,0.32,0.32,16,4,2,2025
2025-04-21,76.0,29.0,29.0,29.0,14.885714285714286,8.9,56.92644166666667,98.40506,151.3,2.192211813839151,0.76,0.29,0.29,0.29,17,4,2,2025
2025-04-28,65.0,24.0,24.0,24.0,12.271428571428572,5.7,83.64095277777777,98.40506,151.3,2.192211813839151,0.65,0.24,0.24,0.24,18,4,2,2025
2025-05-05,73.0,29.0,29.0,29.0,15.299999999999999,2.1,85.18462222222223,98.40506,151.1,2.192211813839151,0.73,0.29,0.29,0.29,19,5,2,2025
2025-05-12,71.0,23.0,23.0,23.0,12.12857142857143,0.1,88.2279388888889,98.40506,151.1,2.192211813839151,0.71,0.23,0.23,0.23,20,5,2,2025
2025-05-19,58.0,25.0,25.0,25.0,12.757142857142856,7.2,73.128775,98.40506,151.1,2.192211813839151,0.58,0.25,0.25,0.25,21,5,2,2025
2025-05-26,62.0,24.0,24.0,24.0,13.657142857142857,5.6000000000000005,82.07920833333334,98.40506,151.1,2.192211813839151,0.62,0.24,0.24,0.24,22,5,2,2025
2025-06-02,67.0,22.0,22.0,22.0,17.6,12.1,86.13442777777777,98.40506,150.4,2.192211813839151,0.67,0.22,0.22,0.22,23,6,2,2025
2025-06-09,49.0,30.0,30.0,30.0,17.785714285714285,22.5,95.34183333333333,98.40506,150.4,2.192211813839151,0.49,0.3,0.3,0.3,24,6,2,2025
2025-06-16,41.0,20.0,20.0,20.0,18.814285714285713,8.6,88.73984166666666,98.40506,150.4,2.192211813839151,0.41,0.2,0.2,0.2,25,6,2,2025
2025-06-23,53.0,30.0,30.0,30.0,21.642857142857142,2.9,107.29203333333334,98.40506,150.4,2.192211813839151,0.53,0.3,0.3,0.3,26,6,2,2025
2025-06-30,71.0,22.0,22.0,22.0,20.571428571428573,12.0,86.5208611111111,98.40506,150.4,2.192211813839151,0.71,0.22,0.22,0.22,27,6,2,2025
2025-07-07,73.0,23.0,23.0,23.0,23.32857142857143,7.0,90.99347222222222,98.40506,150.8,2.192211813839151,0.73,0.23,0.23,0.23,28,7,3,2025
2025-07-14,55.0,28.0,28.0,28.0,17.614285714285714,55.9,63.43209722222222,98.40506,150.8,2.192211813839151,0.55,0.28,0.28,0.28,29,7,3,2025
2025-07-21,55.0,25.0,25.0,25.0,19.557142857142857,69.5,79.65600277777777,98.40506,150.8,2.192211813839151,0.55,0.25,0.25,0.25,30,7,3,2025
2025-07-28,40.0,22.0,22.0,22.0,18.814285714285713,49.1,59.97054722222222,98.40506,150.8,2.192211813839151,0.4,0.22,0.22,0.22,31,7,3,2025
2025-08-04,72.0,20.0,20.0,20.0,17.02857142857143,22.4,80.95612777777778,98.40506,151.2,2.192211813839151,0.72,0.2,0.2,0.2,32,8,3,2025
2025-08-11,53.0,23.0,23.0,23.0,19.142857142857142,8.6,82.99653333333333,98.40506,151.2,2.192211813839151,0.53,0.23,0.23,0.23,33,8,3,2025
2025-08-18,84.0,24.0,24.0,24.0,22.085714285714285,0.7,93.87091944444444,98.40506,151.2,2.192211813839151,0.84,0.24,0.24,0.24,34,8,3,2025
2025-08-25,68.0,20.0,20.0,20.0,16.54285714285714,1.3000000000000003,84.19152222222222,98.40506,151.2,2.192211813839151,0.68,0.2,0.2,0.2,35,8,3,2025
2025-09-01,59.0,27.0,27.0,27.0,18.814285714285713,12.299999999999999,63.50380277777778,98.40506,151.5,2.192211813839151,0.59,0.27,0.27,0.27,36,9,3,2025
2025-09-08,69.0,15.0,15.0,15.0,17.8,18.9,68.63584444444444,98.40506,151.5,2.192211813839151,0.69,0.15,0.15,0.15,37,9,3,2025
2025-09-15,37.0,16.0,16.0,16.0,16.485714285714288,30.6,68.14098888888888,98.40506,151.5,2.192211813839151,0.37,0.16,0.16,0.16,38,9,3,2025
2025-09-22,47.0,21.0,21.0,21.0,16.97142857142857,3.3,54.984966666666665,98.40506,151.5,2.192211813839151,0.47,0.21,0.21,0.21,39,9,3,2025
2025-09-29,55.0,22.0,22.0,22.0,11.62857142857143,0.5,75.50100277777777,98.40506,151.5,2.192211813839151,0.55,0.22,0.22,0.22,40,9,3,2025
2025-10-06,34.0,23.0,23.0,23.0,9.657142857142857,11.2,57.870841666666664,98.40506,151.6,2.192211813839151,0.34,0.23,0.23,0.23,41,10,4,2025
2025-10-13,45.0,23.0,23.0,23.0,12.842857142857143,8.1,21.26164722222222,98.40506,151.6,2.192211813839151,0.45,0.23,0.23,0.23,42,10,4,2025
2025-10-20,0.0,22.0,22.0,22.0,8.885714285714286,3.6999999999999997,46.37733888888889,98.40506,151.6,2.192211813839151,0.0,0.22,0.22,0.22,43,10,4,2025
2025-10-27,38.0,21.0,21.0,21.0,10.128571428571428,15.600000000000001,42.40562777777778,98.40506,151.6,2.192211813839151,0.38,0.21,0.21,0.21,44,10,4,2025
2025-11-03,0.0,21.0,21.0,21.0,9.685714285714285,21.5,38.82726944444445,98.40506,151.7,2.192211813839151,0.0,0.21,0.21,0.21,45,11,4,2025
2025-11-10,0.0,26.0,26.0,26.0,7.5,0.2,42.83039444444445,98.40506,151.7,2.192211813839151,0.0,0.26,0.26,0.26,46,11,4,2025
2025-11-17,0.0,24.0,24.0,24.0,7.042857142857143,29.7,24.323283333333336,98.40506,151.7,2.192211813839151,0.0,0.24,0.24,0.24,47,11,4,2025
2025-11-24,0.0,23.0,23.0,23.0,0.17142857142857146,10.399999999999999,37.315125,98.40506,151.7,2.192211813839151,0.0,0.23,0.23,0.23,48,11,4,2025
2025-12-01,44.0,25.0,25.0,25.0,3.6142857142857143,3.3000000000000003,20.518222222222224,98.40506,151.5,2.192211813839151,0.44,0.25,0.25,0.25,49,12,4,2025
2025-12-08,33.0,23.0,23.0,23.0,3.6999999999999997,9.0,34.20443888888889,98.40506,151.5,2.192211813839151,0.33,0.23,0.23,0.23,50,12,4,2025
2025-12-15,0.0,22.0,22.0,22.0,6.885714285714286,5.8,19.56343888888889,98.40506,151.5,2.192211813839151,0.0,0.22,0.22,0.22,51,12,4,2025
2025-12-22,50.0,28.0,28.0,28.0,4.3428571428571425,0.7,27.870969444444444,98.40506,151.5,2.192211813839151,0.5,0.28,0.28,0.28,52,12,4,2025
2025-12-29,59.0,32.0,32.0,32.0,-1.5714285714285714,0.9,27.03921111111111,98.40506,151.5,2.192211813839151,0.59,0.32,0.32,0.32,1,12,4,2025
2026-01-05,47.0,27.0,27.0,27.0,-0.5285714285714286,16.7,21.66521388888889,98.40506,151.5,2.192211813839151,0.47,0.27,0.27,0.27,2,1,1,2026
2026-01-12,49.0,26.0,26.0,26.0,-6.428571428571429,2.4000000000000004,24.441202777777775,98.40506,151.5,2.192211813839151,0.49,0.26,0.26,0.26,3,1,1,2026
2026-01-19,,,,,1.5999999999999999,6.4,32.01656388888889,98.40506,151.5,2.192211813839151,,,,,4,1,1,2026
2026-01-26,,,,,-3.057142857142857,9.100000000000001,25.955222222222222,98.40506,151.5,2.192211813839151,,,,,5,1,1,2026
2026-02-02,,,,,-3.685714285714286,3.1999999999999997,5.783763888888888,98.40506,151.5,2.192211813839151,,,,,6,2,1,2026
2026-02-09,,,,,-2.0142857142857142,12.0,4.819025000000001,98.40506,151.5,2.192211813839151,,,,,7,2,1,2026
2026-02-16,,,,,0.7857142857142857,17.6,17.98396111111111,98.40506,151.5,2.192211813839151,,,,,8,2,1,2026
2026-02-23,,,,,0.8142857142857143,20.0,30.890225,98.40506,151.5,2.192211813839151,,,,,9,2,1,2026
2026-03-02,,,,,7.957142857142856,0.9,64.20262777777778,98.40506,151.5,2.192211813839151,,,,,10,3,1,2026
2026-03-09,,,,,7.042857142857143,0.0,73.63893333333333,98.40506,151.5,2.192211813839151,,,,,11,3,1,2026
2026-03-16,,,,,8.4,7.800000000000001,53.77124166666667,98.40506,151.5,2.192211813839151,,,,,12,3,1,2026
2026-03-23,,,,,5.800000000000001,0.0,22.812574999999995,98.40506,151.5,2.192211813839151,,,,,13,3,1,2026
